{
  "test1_angle_spectrum": {
    "e8_roots_peak_score": 1.0,
    "random_cb_peak_score": 0.20244072524407253,
    "jepa_pca8d_peak_score": 0.19617817817817818,
    "jepa_orth8d_peak_mean": 0.1287743743743744,
    "jepa_orth8d_peak_std": 0.02620860003856075,
    "random_8d_peak_score": 0.20134734734734736,
    "ks_jepa_vs_random": {
      "statistic": 0.044494494494494496,
      "p_value": 0.0
    },
    "wasserstein_jepa_vs_random": 0.03948230257757809,
    "verdict": "NULL"
  },
  "test2_pca_projection": {
    "pca_vs_e8": {
      "mean": 0.8500612874031208,
      "std": 0.03874508877618742,
      "max": 0.9720246750118349,
      "median": 0.8441148727239973
    },
    "pca_vs_random_cb_mean": 0.8306403302801734,
    "pca_vs_random_cb_std": 0.005192941142515335,
    "e8_advantage": 0.019420957122947446,
    "verdict": "NULL"
  },
  "test3_random_orthogonal": {
    "e8_mean": 0.8494298376990281,
    "e8_std": 0.0023180743276727065,
    "random_cb_mean": 0.8346280549202151,
    "random_cb_std": 0.011630737344367897,
    "e8_advantage": 0.014801782778813055,
    "verdict": "NULL"
  },
  "test4_dimensional_scan": {
    "dims": [
      2,
      3,
      4,
      5,
      6,
      7,
      8,
      9,
      10,
      11,
      12,
      13,
      14,
      15,
      16
    ],
    "e8_scores": [
      0.9744266525317978,
      0.9584282018245246,
      0.9328705111009954,
      0.9103794209944065,
      0.8923754851376705,
      0.8767938210140902,
      0.8500612789025079,
      0.81907169627385,
      0.7955418408728674,
      0.7764540277958453,
      0.760868150557669,
      0.7462091690397509,
      0.7319346000643309,
      0.7213085286242772,
      0.7116745112815626
    ],
    "cb_scores": [
      0.9998292825326887,
      0.9918513805466439,
      0.9688753919345142,
      0.9317893459082296,
      0.8997263830480536,
      0.8635572155319498,
      0.8298476164905733,
      0.7990773428629081,
      0.7707236245688872,
      0.7486634692055605,
      0.7281620227360749,
      0.7014330745000439,
      0.6782337551235103,
      0.6624234829971531,
      0.6448975561864965
    ],
    "gaps": [
      -0.025402630000890825,
      -0.03342317872211931,
      -0.036004880833518826,
      -0.021409924913823097,
      -0.007350897910383125,
      0.013236605482140451,
      0.020213662411934674,
      0.019994353410941912,
      0.02481821630398018,
      0.027790558590284786,
      0.0327061278215941,
      0.04477609453970699,
      0.05370084494082061,
      0.058885045627124044,
      0.06677695509506609
    ],
    "gap_at_8": 0.020213662411934674,
    "dim8_is_local_max": 0,
    "verdict": "NULL"
  },
  "test5_llm_baselines": {
    "n_vectors": 158,
    "mean_sparsity": 2.8607594936708862,
    "real_vs_e8": 0.8154730274965104,
    "real_vs_random_cb": 0.8258592654696807,
    "sparse_random_vs_e8": 0.8366937537515844,
    "dense_random_vs_e8": 0.850484732697034,
    "e8_advantage": -0.010386237973170287,
    "real_vs_sparse_advantage": -0.021220726255073985,
    "verdict": "NULL"
  },
  "test6_cross_compression": {
    "n_pairs": 38,
    "raw_angle_correlation": 0.4902677048434671,
    "e8_quantized_correlation": 0.2301723928741402,
    "random_cb_quantized_correlation": 0.32708024135838737,
    "e8_advantage": -0.09690784848424716,
    "verdict": "NULL"
  }
}